ReviewID,Review
1,"ร้าน ""Got To Grill"" พรีเมี่ยมฮาลาลบุฟเฟต์ที่แรก แนว Loft Garden อร่อยเกินราคา"
2,บุฟเฟ่ห์เนื้อย่าง ซีฟู้ด ซูชิ ไอศครีมครบถ้วมและฮาลาล
3,บุฟเฟ่ต์สายเนื้อ คุณภาพดี วากิวอร่อยมากก แซลม่อนเน้นๆ ย่านรามคำแหง บางกะปิ
4,โปร 399 ถือว่าคุ้มมาก
5,เนื้อดีมาก มีเมนูให้เลือกเยอะมาก ซีฟู้ด ซาซิมิ สด
6,ร้านน่านั่ง อาหารอร่อย ไม่ต้องรอนาน
7,อาหารญี่ปุ่น ปิ้งย่างฮาลาล ที่สุดใน กรุงเทพ
8,เนื้อนุ่ม พนักงานบริการช้านิดนึง แต่ก็โอเคค่ะ
9,บุฟเฟ่ต์ฮาลาล เนื้อย่างพรีเมียม สายเนื้อต้องไม่พลาด ร้าน Got to Grill
10,เนื้อคือดีมาก
